<?xml version="1.0"?>
<extensions>
	<plugins>
		<plugin name="SBNetIO" version="0.1.0" minTarget="7.7" maxTarget="*">
			<title lang="EN">SBNetIO</title>
			<desc lang="EN">Plugin for integration of LMS with Home Automation Server</desc>
			<url>http://www.specifica.de/public/sbnetio/download/V01/SBNetIO_01.zip</url>
			<link>http://code.google.com/p/sbnetio/</link>
			<creator>Guenther Roll</creator>
			<email>guenther.roll@gmail.com</email>
			<sha>59748bc1d1d73ed2b18c0dd4ce37b5bdb212f933</sha>
		</plugin>
	</plugins>
</extensions>
